{"X":209699.3485615882,"Y":3296090.3875009352,"SOG":1.4261196561,"COG":209.004364761,"Heading":236.4842529435}