{"X":33332.4555200091,"Y":33116.4317524409,"SOG":2.8284330102,"COG":107.2568647914,"Heading":121.3349535405}